Answer, Result, Error
4662029.500000, 4662029.000000, -0.000000
3169783.750000, 3169784.000000, 0.000000
2823112.000000, 2823112.000000, 0.000000
3679909.000000, 3679909.000000, 0.000000
4036062.500000, 4036062.750000, 0.000000
3326120.750000, 3326121.000000, 0.000000
4171470.500000, 4171470.500000, 0.000000
3857121.500000, 3857121.500000, 0.000000
